-- Muestra de datos obtenidas de Mockaroo: https://www.mockaroo.com/
-- Los datos son enteramente demostrativos, por lo que ciertos conjuntos de
-- datos registrados podrian no tener sentido en un caso de uso real. Por ejemplo,
-- un "Switch" es marcado con fabricante "Sony" a pesar de que este no es el caso en
-- la realidad.

-- Clientes
INSERT INTO Cliente (id_cliente,nombre,apellido_p,apellido_m,correo,telefono) VALUES
(1,'Phil','Ostrich','Bubbings','pbubbings0@simplemachines.org','491-102-2621'),
(2,'Roby','Pilcher','Febre','rfebre1@elegantthemes.com','565-849-6412'),
(3,'Thibaut','Seaman','McUre','tmcure2@xing.com','401-583-4036'),
(4,'Ardisj','Seakings','Romaynes','aromaynes3@about.com','514-951-5192'),
(5,'Caesar','Faircloth','Kiddell','ckiddell4@miitbeian.gov.cn','183-806-8080'),
(6,'Bari','Ferraretto','Karlolak','bkarlolak5@patch.com','220-153-3984'),
(7,'Raymund','Hussy','Pauletto','rpauletto6@ameblo.jp','775-419-8737'),
(8,'Lisabeth','MacGrath','Kellie','lkellie7@amazon.co.jp','929-885-8823'),
(9,'Bebe','Gueny','Laskey','blaskey8@mit.edu','201-569-3822'),
(10,'Shantee','Syrad','Woollard','swoollard9@ebay.com','714-974-2381'),
(11,'Phelia','Adamovicz','Vasenin','pvasenina@toplist.cz','934-852-7385'),
(12,'Kimberlyn','Zellner','Dackombe','kdackombeb@miitbeian.gov.cn','459-538-9960'),
(13,'Gypsy','Findlater','MacKenney','gmackenneyc@lycos.com','922-563-8302'),
(14,'Jethro','Gwyn','Brunini','jbruninid@yandex.ru','852-359-7543'),
(15,'Leigha','Belmont','Medler','lmedlere@sphinn.com','460-264-3899'),
(16,'Anselm','Tuhy','Krier','akrierf@blogspot.com','878-165-4678'),
(17,'Moria','Leopard','Feldharker','mfeldharkerg@macromedia.com','139-986-4212'),
(18,'Guillermo','Worpole','Pennington','gpenningtonh@dell.com','541-942-1976'),
(19,'Felicdad','Zebedee','Kirsop','fkirsopi@chicagotribune.com','188-429-1501'),
(20,'Stevana','Comettoi','Ivannikov','sivannikovj@ihg.com','520-446-4474'),
(21,'Carmelita','Kaveney','Bodley','cbodleyk@wordpress.org','468-534-0215'),
(22,'Rivi','Grinyov','Klus','rklusl@myspace.com','288-603-0280'),
(23,'Ingeberg','Weekley','Chung','ichungm@flickr.com','513-843-1675'),
(24,'Curt','Oldmeadow','Harbidge','charbidgen@alibaba.com','401-928-1931'),
(25,'Chick','Jzhakov','Eidler','ceidlero@aboutads.info','700-260-6084'),
(26,'Kristen','Ley','Elcombe','kelcombep@vinaora.com','111-932-4222'),
(27,'Maximo','Borkett','Darlington','mdarlingtonq@is.gd','494-185-9641'),
(28,'Terrence','Capaldo','Abelov','tabelovr@imdb.com','341-187-8206'),
(29,'Jocelin','Spracklin','Lehrian','jlehrians@flickr.com','558-605-2621'),
(30,'Yank','Hexter','Sprosson','ysprossont@icio.us','216-535-4836'),
(31,'Perry','Highwood','Kincla','pkinclau@tamu.edu','685-969-9162'),
(32,'Jodie','Purslow','Canland','jcanlandv@slashdot.org','931-506-8438'),
(33,'Randell','Rawlcliffe','Treen','rtreenw@facebook.com','658-902-8178'),
(34,'Ramon','Oleshunin','Shucksmith','rshucksmithx@ustream.tv','460-541-8634'),
(35,'Harmony','Hanretty','Pachta','hpachtay@wp.com','698-632-0489'),
(36,'Josee','Cordingley','Mainland','jmainlandz@woothemes.com','134-477-9978'),
(37,'Mordecai','Longmore','Darrigone','mdarrigone10@msu.edu','987-778-6724'),
(38,'Ingar','Fishley','Bonde','ibonde11@chron.com','904-222-7051'),
(39,'Rosanne','Melding','Johansen','rjohansen12@indiegogo.com','382-886-0752'),
(40,'Merill','Crinkley','Riddeough','mriddeough13@mapy.cz','959-644-3172'),
(41,'Gussi','Sommersett','Champe','gchampe14@ehow.com','313-868-2103'),
(42,'Tod','Halt','Leeves','tleeves15@blinklist.com','106-156-5533'),
(43,'Andi','Chattelaine','Corradetti','acorradetti16@narod.ru','352-499-9706'),
(44,'Nance','Del Monte','McVie','nmcvie17@jalbum.net','827-347-3555'),
(45,'Rosalind','Boyack','Parnell','rparnell18@nba.com','838-755-0368'),
(46,'Joela','Vondra','Kobus','jkobus19@prnewswire.com','253-978-5304'),
(47,'Basia','Mumberson','Dorwood','bdorwood1a@java.com','612-368-3006'),
(48,'Amaleta','Southcomb','Beetlestone','abeetlestone1b@google.co.uk','784-708-0523'),
(49,'Elfreda','Turtle','Gerardot','egerardot1c@smugmug.com','195-215-6698'),
(50,'Nappie','Vizard','Gerraty','ngerraty1d@usa.gov','899-274-9416'),
(51,'Ezra','Yurivtsev','Yitzhakov','eyitzhakov1e@g.co','983-549-2132'),
(52,'Ardelis','Rudolf','Tomblings','atomblings1f@weibo.com','872-421-5977'),
(53,'Phoebe','Anshell','Bielfeldt','pbielfeldt1g@yale.edu','719-332-7796'),
(54,'Marylee','Roughsedge','Torres','mtorres1h@japanpost.jp','280-451-5288'),
(55,'Tiebout','Sebrook','Siegertsz','tsiegertsz1i@blogspot.com','138-409-6248'),
(56,'Nikolas','Comoletti','OLoughran','noloughran1j@google.cn','456-924-2395'),
(57,'Audry','Churcher','Kosel','akosel1k@kickstarter.com','794-329-5506'),
(58,'Doris','Yankov','Garlicke','dgarlicke1l@whitehouse.gov','630-450-6613'),
(59,'Skippy','Ruggs','Lednor','slednor1m@intel.com','938-744-1761'),
(60,'Madeline','Stowgill','Sparry','msparry1n@ted.com','911-944-5516'),
(61,'Rafa','Nurden','Kilgannon','rkilgannon1o@dell.com','193-213-7314'),
(62,'Faulkner','Murrthum','Androletti','fandroletti1p@cargocollective.com','924-345-3947'),
(63,'Dredi','Thredder','Peterken','dpeterken1q@msn.com','796-666-3887'),
(64,'Marylin','Center','Angeli','mangeli1r@microsoft.com','379-169-8115'),
(65,'Darrelle','Tillett','Endon','dendon1s@com.com','398-389-4458'),
(66,'Quinlan','Ogan','Pashenkov','qpashenkov1t@theatlantic.com','538-503-8433'),
(67,'Camila','Hallihane','Larvent','clarvent1u@apache.org','987-935-6703'),
(68,'Tabby','Curnow','Lettley','tlettley1v@weebly.com','416-939-7683'),
(69,'Camellia','Grayham','Garred','cgarred1w@netvibes.com','996-660-0379'),
(70,'Sapphira','Roskam','Maddocks','smaddocks1x@surveymonkey.com','614-711-7810'),
(71,'Millicent','Lenox','Wilder','mwilder1y@hhs.gov','836-223-2266'),
(72,'Rudie','Capun','Pullinger','rpullinger1z@bloglovin.com','530-297-6870'),
(73,'Rudolf','Gilloran','Coyte','rcoyte20@hibu.com','530-528-6725'),
(74,'Kleon','Dumsday','De Marchi','kdemarchi21@chron.com','406-239-2635'),
(75,'Charla','Caverhill','Cressy','ccressy22@who.int','982-990-9437'),
(76,'Xever','Ramet','McClymond','xmcclymond23@loc.gov','323-308-2423'),
(77,'Fredelia','Sivyer','Lorentz','florentz24@privacy.gov.au','701-401-2698'),
(78,'Darda','Dorrins','OMolan','domolan25@elpais.com','568-631-9602'),
(79,'Curran','Rantoull','Reape','creape26@eepurl.com','205-904-5606'),
(80,'Sheba','Garmans','Sisse','ssisse27@wix.com','890-181-8691'),
(81,'Ruthi','Arnaudi','Physick','rphysick28@mail.ru','672-397-6208'),
(82,'Franciska','Cregin','Heck','fheck29@walmart.com','988-666-5730'),
(83,'Heinrick','Reekie','Formoy','hformoy2a@buzzfeed.com','476-614-9312'),
(84,'Emanuele','Ottley','Whiteway','ewhiteway2b@alexa.com','557-730-9306'),
(85,'Steffie','Schoenleiter','Sindle','ssindle2c@wikia.com','520-234-1374'),
(86,'Meredithe','McKernon','Vanderson','mvanderson2d@squarespace.com','764-562-3377'),
(87,'Celine','Durrell','Ridolfi','cridolfi2e@macromedia.com','395-230-4419'),
(88,'Hillard','Gasparro','Hague','hhague2f@gizmodo.com','788-971-5651'),
(89,'Daryn','Avrahamov','OGrada','dograda2g@bloglovin.com','989-781-7248'),
(90,'Mick','Mongin','Sheed','msheed2h@wired.com','463-296-8714'),
(91,'Chico','Crissil','Danzelman','cdanzelman2i@sphinn.com','615-102-2220'),
(92,'Patricio','Potebury','Cribbin','pcribbin2j@ycombinator.com','246-960-4572'),
(93,'Vance','Sive','Grimes','vgrimes2k@intel.com','910-393-4645'),
(94,'Germain','Toffano','Westfalen','gwestfalen2l@opensource.org','602-398-4579'),
(95,'Dorrie','Erskine','Joanaud','djoanaud2m@blog.com','324-619-0864'),
(96,'Sarita','Knyvett','Goschalk','sgoschalk2n@sina.com.cn','965-182-9455'),
(97,'Richy','Boorer','Mason','rmason2o@goo.gl','408-658-0919'),
(98,'Trudie','Batter','Bridgwater','tbridgwater2p@de.vu','499-711-4029'),
(99,'Odey','Nelles','Litterick','olitterick2q@quantcast.com','400-738-8539'),
(100,'Melodie','Norcott','Goodboddy','mgoodboddy2r@wufoo.com','737-879-3268');

-- Direcciones
INSERT INTO Direccion (id_direccion, pais, estado, ciudad, direccion_1, direccion_2, codigo_postal) VALUES 
(1, 'Mexico', 'Tabasco', 'Courtaboeuf', 'Suite 86', 'Suite 1', '91965 CEDEX'),
(2, 'Mexico', 'Hidalgo', 'Dabburiya', 'Suite 33', '10th Floor', null),
(3, 'Mexico', 'Jalisco', 'Bashtanka', 'Room 1220', '5th Floor', null),
(4, 'Mexico', 'Aguascalientes', 'Wakiso', 'Apt 994', '13th Floor', null),
(5, 'Mexico', 'Tabasco', 'Acarau', 'Suite 52', 'Suite 98', '62580-000'),
(6, 'Mexico', 'Sinaloa', 'Pittsburgh', 'Suite 71', 'Suite 56', '15274'),
(7, 'Mexico', 'Baja California Sur', 'Akureyri', 'Room 1519', '13th Floor', '603'),
(8, 'Mexico', 'Hidalgo', 'Shakhun ya', '6th Floor', 'PO Box 5644', '606912'),
(9, 'Mexico', 'Guerrero', 'Prostrední Becva', 'PO Box 87524', 'Room 1829', '756 56'),
(10, 'Mexico', 'Chiapas', 'Mithi', 'PO Box 13616', 'Suite 43', '69230'),
(11, 'Mexico', 'Baja California', 'Valdosta', '9th Floor', 'Apt 1307', '31605'),
(12, 'Mexico', 'Nayarit', 'Palaran', 'Apt 223', 'Room 158', null),
(13, 'Mexico', 'Guerrero', 'Slavyansk-na-Kubani', 'PO Box 18557', 'PO Box 43684', '353567'),
(14, 'Mexico', 'Baja California Sur', 'Sainte-Marthe-sur-le-Lac', '9th Floor', 'Suite 96', 'H9K'),
(15, 'Mexico', 'Coahuila', 'Zhongxin', 'PO Box 70495', 'Apt 1360', null),
(16, 'Mexico', 'Yucatan', 'Duluth', 'Suite 13', 'Room 260', '30096'),
(17, 'Mexico', 'Yucatan', 'Wutan', 'Room 473', 'Apt 1971', null),
(18, 'Mexico', 'Hidalgo', 'La Suiza', 'PO Box 12966', 'Apt 1172', '30502'),
(19, 'Mexico', 'Michoacan', 'Tapas', 'Suite 11', 'PO Box 10965', '5814'),
(20, 'Mexico', 'Baja California Sur', 'Karangpapak', '9th Floor', 'PO Box 82649', null),
(21, 'Mexico', 'Tamaulipas', 'Líbano', 'PO Box 38732', 'Room 1157', '731048'),
(22, 'Mexico', 'Durango', 'Thuan Nam', 'Apt 1408', 'Suite 13', null),
(23, 'Mexico', 'Ciudad de Mexico', 'Los Arcos', 'Room 756', 'Room 1815', '6814'),
(24, 'Mexico', 'Colima', 'Benoni', 'Room 1854', 'Room 157', '1527'),
(25, 'Mexico', 'Hidalgo', 'Zaïo', '20th Floor', 'Room 198', null),
(26, 'Mexico', 'Chiapas', 'Baicaogou', '9th Floor', '2nd Floor', null),
(27, 'Mexico', 'Queretaro', 'Zhongyuanlu', '7th Floor', 'Suite 90', null),
(28, 'Mexico', 'Guerrero', 'Chelbasskaya', 'Suite 1', '15th Floor', '353715'),
(29, 'Mexico', 'Oaxaca', 'Dinskaya', 'Room 488', 'Suite 42', '353226'),
(30, 'Mexico', 'Tabasco', 'Abha', 'Room 420', '15th Floor', null),
(31, 'Mexico', 'Yucatan', 'Canto', 'Room 673', 'PO Box 76336', '3840-065'),
(32, 'Mexico', 'Estado de Mexico', 'Linda Vista', 'Apt 1952', 'Suite 71', '94475'),
(33, 'Mexico', 'Michoacan', 'Aviá Terai', 'Apt 829', 'Apt 846', '3706'),
(34, 'Mexico', 'Estado de Mexico', 'Martigues', 'Room 750', 'Suite 65', '13503 CEDEX'),
(35, 'Mexico', 'Chihuahua', 'Ruse', 'Room 89', 'Suite 55', '2342'),
(36, 'Mexico', 'Nayarit', 'Purisima', 'Room 1151', 'Suite 91', '231547'),
(37, 'Mexico', 'Guerrero', 'Tojal', 'Room 417', 'Suite 5', '4620-931'),
(38, 'Mexico', 'Puebla', 'Bastia', 'Room 1319', 'PO Box 91387', '20414 CEDEX 9'),
(39, 'Mexico', 'Guanajuato', 'Cullinan', 'Apt 596', 'Suite 19', '1005'),
(40, 'Mexico', 'Chihuahua', 'Muroran', 'Suite 45', '7th Floor', '634-0814'),
(41, 'Mexico', 'Sinaloa', 'Karangkedawung', 'PO Box 6852', 'Suite 45', null),
(42, 'Mexico', 'Jalisco', 'Banquero', '2nd Floor', 'PO Box 51006', '3303'),
(43, 'Mexico', 'Sinaloa', 'Da an', 'Room 1479', '4th Floor', null),
(44, 'Mexico', 'Baja California', 'Danxi', '14th Floor', 'Room 1589', null),
(45, 'Mexico', 'Ciudad de Mexico', 'Yuyao', 'Room 209', '11th Floor', null),
(46, 'Mexico', 'Nayarit', 'Mikun’', 'PO Box 79067', 'Suite 91', '169060'),
(47, 'Mexico', 'Baja California Sur', 'Valasska Polanka', 'PO Box 59497', 'PO Box 41753', '756 11'),
(48, 'Mexico', 'Jalisco', 'Castanhal', '16th Floor', 'Room 1782', '68740-000'),
(49, 'Mexico', 'Zacatecas', 'Miretice', 'Apt 790', 'Suite 72', '539 55'),
(50, 'Mexico', 'Guanajuato', 'Shibata', 'Suite 93', 'Apt 693', '530-0012'),
(51, 'Mexico', 'Durango', 'Al Qubbah', '1st Floor', 'Suite 86', null),
(52, 'Mexico', 'Tlaxcala', 'Bukhovo', 'Room 1330', 'Suite 18', '2137'),
(53, 'Mexico', 'Tlaxcala', 'Warsaw', 'Room 124', 'PO Box 40671', '05-090'),
(54, 'Mexico', 'Chihuahua', 'Serang', '3rd Floor', 'PO Box 50438', null),
(55, 'Mexico', 'Durango', 'Concordia', 'Apt 757', '7th Floor', null),
(56, 'Mexico', 'San Luis Potosi', 'Boden', 'Apt 1414', 'PO Box 65985', '961 73'),
(57, 'Mexico', 'Veracruz', 'Metsamor', '15th Floor', 'PO Box 70439', null),
(58, 'Mexico', 'Guanajuato', 'Renfrew', 'PO Box 15944', 'PO Box 66886', 'K7V'),
(59, 'Mexico', 'Quintana Roo', 'Tarbes', 'Room 1840', 'Suite 48', '65911 CEDEX 9'),
(60, 'Mexico', 'Guerrero', 'Gechuan', 'Apt 140', 'Suite 52', null),
(61, 'Mexico', 'Morelos', 'Aral', 'Room 744', 'Room 1844', null),
(62, 'Mexico', 'Sonora', 'Pasir Mas', '9th Floor', 'Apt 528', '17020'),
(63, 'Mexico', 'Sinaloa', 'Notse', '3rd Floor', 'PO Box 91151', null),
(64, 'Mexico', 'Michoacan', 'Tajan', 'Suite 2', 'PO Box 60761', null),
(65, 'Mexico', 'Guanajuato', 'Pensacola', 'Apt 879', 'Apt 1601', '32590'),
(66, 'Mexico', 'Sonora', 'Huangcun', '17th Floor', '15th Floor', null),
(67, 'Mexico', 'Nuevo Leon', 'Labuhanlalar', 'Apt 1744', 'Room 1783', null),
(68, 'Mexico', 'Quintana Roo', 'Mafraq', 'Apt 927', 'Apt 421', null),
(69, 'Mexico', 'Estado de Mexico', 'West Palm Beach', 'PO Box 28170', 'Suite 32', '33411'),
(70, 'Mexico', 'Queretaro', 'La Concepcion', '6th Floor', 'Apt 76', '92905'),
(71, 'Mexico', 'Zacatecas', 'Pandak', 'Apt 1209', 'Room 977', null),
(72, 'Mexico', 'Tamaulipas', 'Kiboga', 'Apt 982', 'Apt 531', null),
(73, 'Mexico', 'Oaxaca', 'Yuzawa', 'PO Box 47297', 'Apt 794', '995-0012'),
(74, 'Mexico', 'Guanajuato', 'Monte Patria', 'Room 1383', 'Apt 1866', null),
(75, 'Mexico', 'Campeche', 'Tak', '17th Floor', 'Apt 575', '63000'),
(76, 'Mexico', 'Estado de Mexico', 'Kuzovatovo', 'Apt 1019', 'PO Box 36035', '433791'),
(77, 'Mexico', 'Coahuila', 'Quxi', 'Room 1845', 'PO Box 92112', null),
(78, 'Mexico', 'Nayarit', 'Rotterdam postbusnummers', '7th Floor', 'PO Box 71753', '3004'),
(79, 'Mexico', 'Nuevo Leon', 'San Juan', 'Suite 53', 'Apt 1867', '6227'),
(80, 'Mexico', 'Hidalgo', 'Debe', 'Room 416', 'Suite 47', null),
(81, 'Mexico', 'Nuevo Leon', 'Sagua la Grande', 'Room 776', '19th Floor', null),
(82, 'Mexico', 'Chiapas', 'Nunhala', 'PO Box 63088', 'Apt 22', null),
(83, 'Mexico', 'Baja California Sur', 'Chrzastowice', '20th Floor', '17th Floor', '46-053'),
(84, 'Mexico', 'San Luis Potosi', 'Mont-de-Marsan', 'Suite 65', 'Room 681', '40025 CEDEX'),
(85, 'Mexico', 'Campeche', 'Planken', 'Room 1175', '17th Floor', '9498'),
(86, 'Mexico', 'Sonora', 'Pekuwon', 'Suite 100', '4th Floor', null),
(87, 'Mexico', 'Tabasco', 'Yauca', 'PO Box 34540', 'PO Box 67192', null),
(88, 'Mexico', 'Michoacan', 'Bom Jesus do Itabapoana', 'Room 1360', 'PO Box 38635', '28360-000'),
(89, 'Mexico', 'Coahuila', 'Bago', 'PO Box 44678', '7th Floor', null),
(90, 'Mexico', 'Tabasco', 'Venda do Alcaide', '3rd Floor', 'PO Box 11047', '2950-438'),
(91, 'Mexico', 'Tlaxcala', 'Liujiagou', 'Apt 875', 'Suite 47', null),
(92, 'Mexico', 'Aguascalientes', 'Eldama Ravine', 'Apt 362', 'Suite 53', null),
(93, 'Mexico', 'Colima', 'Dubréka', 'Room 94', '10th Floor', null),
(94, 'Mexico', 'Michoacan', 'Berlin', 'PO Box 57482', 'PO Box 48344', '13509'),
(95, 'Mexico', 'Chihuahua', 'Gweedore', 'Room 604', '3rd Floor', 'V31'),
(96, 'Mexico', 'Jalisco', 'Buarcos', 'Room 1255', '17th Floor', '3080-222'),
(97, 'Mexico', 'Baja California', 'Calinog', 'Room 23', 'Suite 87', '5040'),
(98, 'Mexico', 'Guanajuato', 'Yuhuazhai', 'Apt 1187', 'Apt 31', null),
(99, 'Mexico', 'Nayarit', 'Vilar do Pinheiro', 'Room 1436', 'PO Box 17986', '4485-824'),
(100, 'Mexico', 'Nuevo Leon', 'Kastrat', '3rd Floor', '13th Floor', NULL);

-- Productos
 insert into Producto (id_producto, nombre_producto, categoria, descripcion, inventario, precio, fabricante) values
 (1, 'Xbox', 'Otro', 'Lorem ipsum dolor sit amet', 1, 943.95, 'Nintendo'),
 (2, 'Joycon Switch', 'Accesorio', 'Lorem ipsum dolor', 2, 213.8, 'Microsoft'),
 (3, 'Control PS5', 'Otro', 'Lorem ipsum dolor sit amet', 3, 648.57, 'Sony'),
 (4, 'Logitech G Pro X Gaming Headset', 'Electronico', 'Lorem ipsum dolor sit amet', 4, 944.39, 'Nintendo'),
 (5, 'Joycon Switch', 'Videojuego', '', 5, 462.12, 'Microsoft'),
 (6, 'Switch', 'Otro', 'Lorem ipsum dolor sit amet', 6, 375.1, 'Camisetas GAMER'),
 (7, 'Logitech G Pro X Gaming Headset', 'Mercancia', 'Lorem ipsum dolor sit amet', 7, 308.78, 'Nintendo'),
 (8, 'Switch', 'Coleccionable', '', 8, 597.04, 'Sony'),
 (9, 'Logitech G Pro X Gaming Headset', 'Videojuego', 'Lorem ipsum dolor', 9, 613.28, 'Nintendo'),
 (10, 'Joycon Switch', 'Electronico', 'Lorem ipsum dolor sit amet', 10, 927.41, 'Microsoft'),
 (11, 'Figurina', 'Otro', 'Lorem ipsum dolor sit amet', 11, 515.44, 'Camisetas GAMER'),
 (12, 'Joycon Switch', 'Otro', 'Lorem ipsum dolor', 12, 574.93, 'Camisetas GAMER'),
 (13, 'Camiseta de GTA', 'Videojuego', 'Lorem ipsum dolor sit amet', 13, 837.43, 'Nintendo'),
 (14, 'Logitech G Pro X Gaming Headset', 'Accesorio', 'Lorem ipsum dolor', 14, 853.93, 'Camisetas GAMER'),
 (15, 'Switch', 'Videojuego', 'Lorem ipsum dolor', 15, 217.81, 'Camisetas GAMER'),
 (16, 'Playstation 5', 'Coleccionable', 'Lorem ipsum dolor sit amet', 16, 919.84, 'Sony'),
 (17, 'Joycon Switch', 'Coleccionable', 'Lorem ipsum dolor', 17, 188.48, 'Nintendo'),
 (18, 'Joycon Switch', 'Mercancia', 'consectetur adipiscing', 18, 862.79, 'Camisetas GAMER'),
 (19, 'Xbox', 'Accesorio', 'Lorem ipsum dolor', 19, 973.0, 'Nintendo'),
 (20, 'Joycon Switch', 'Otro', 'Lorem ipsum dolor sit amet', 20, 691.04, 'Camisetas GAMER'),
 (21, 'Control XBOX', 'Videojuego', '', 21, 78.39, 'Konami'),
 (22, 'Control XBOX', 'Accesorio', 'Lorem ipsum dolor sit amet', 22, 592.3, 'Nintendo'),
 (23, 'Joycon Switch', 'Electronico', '', 23, 364.06, 'Sony'),
 (24, 'Figurina', 'Accesorio', '', 24, 274.69, 'Camisetas GAMER'),
 (25, 'Playstation 5', 'Otro', 'consectetur adipiscing', 25, 213.39, 'Sony'),
 (26, 'Funko Pop', 'Electronico', 'Lorem ipsum dolor sit amet', 26, 100.29, 'Konami'),
 (27, 'Camiseta de GTA', 'Coleccionable', 'Lorem ipsum dolor sit amet', 27, 670.72, 'Camisetas GAMER'),
 (28, 'Joycon Switch', 'Videojuego', 'Lorem ipsum dolor sit amet', 28, 551.98, 'Konami'),
 (29, 'Camiseta de GTA', 'Mercancia', '', 29, 810.8, 'Sony'),
 (30, 'Joycon Switch', 'Coleccionable', 'Lorem ipsum dolor sit amet', 30, 301.33, 'Konami'),
 (31, 'Joycon Switch', 'Videojuego', 'Lorem ipsum dolor', 31, 727.89, 'Konami'),
 (32, 'Switch', 'Mercancia', 'consectetur adipiscing', 32, 374.52, 'Microsoft'),
 (33, 'YuGiOh Traptrix Structure Deck', 'Mercancia', '', 33, 865.67, 'Sony'),
 (34, 'YuGiOh Traptrix Structure Deck', 'Electronico', '', 34, 375.39, 'Nintendo'),
 (35, 'The Legend of Zelda: Breath of the Wild', 'Electronico', 'Lorem ipsum dolor', 35, 840.93, 'Konami'),
 (36, 'Figurina', 'Coleccionable', 'Lorem ipsum dolor sit amet', 36, 62.26, 'Camisetas GAMER'),
 (37, 'Figurina', 'Electronico', 'Lorem ipsum dolor sit amet', 37, 633.07, 'Konami'),
 (38, 'The Legend of Zelda: Breath of the Wild', 'Otro', 'consectetur adipiscing', 38, 544.42, 'Camisetas GAMER'),
 (39, 'Camiseta de GTA', 'Electronico', 'Lorem ipsum dolor sit amet', 39, 23.59, 'Camisetas GAMER'),
 (40, 'Control XBOX', 'Electronico', 'Lorem ipsum dolor sit amet', 40, 216.72, 'Konami'),
 (41, 'Logitech G Pro X Gaming Headset', 'Otro', 'Lorem ipsum dolor sit amet', 41, 523.74, 'Microsoft'),
 (42, 'Joycon Switch', 'Electronico', '', 42, 766.78, 'Sony'),
 (43, 'The Legend of Zelda: Breath of the Wild', 'Mercancia', 'Lorem ipsum dolor', 43, 871.99, 'Microsoft'),
 (44, 'Figurina', 'Accesorio', '', 44, 17.66, 'Nintendo'),
 (45, 'Playstation 5', 'Electronico', 'consectetur adipiscing', 45, 662.94, 'Sony'),
 (46, 'Xbox', 'Coleccionable', 'Lorem ipsum dolor sit amet', 46, 450.99, 'Konami'),
 (47, 'Joycon Switch', 'Videojuego', 'Lorem ipsum dolor', 47, 32.69, 'Nintendo'),
 (48, 'Logitech G Pro X Gaming Headset', 'Coleccionable', '', 48, 931.33, 'Camisetas GAMER'),
 (49, 'Figurina', 'Coleccionable', 'Lorem ipsum dolor sit amet', 49, 787.22, 'Konami'),
 (50, 'Control PS5', 'Coleccionable', 'Lorem ipsum dolor', 50, 680.59, 'Microsoft'),
 (51, 'Switch', 'Mercancia', 'consectetur adipiscing', 51, 877.89, 'Nintendo'),
 (52, 'Logitech G Pro X Gaming Headset', 'Mercancia', 'Lorem ipsum dolor sit amet', 52, 538.12, 'Microsoft'),
 (53, 'Joycon Switch', 'Electronico', '', 53, 289.2, 'Microsoft'),
 (54, 'Control PS5', 'Coleccionable', '', 54, 29.55, 'Nintendo'),
 (55, 'YuGiOh Traptrix Structure Deck', 'Mercancia', '', 55, 807.62, 'Konami'),
 (56, 'Figurina', 'Videojuego', 'Lorem ipsum dolor sit amet', 56, 521.52, 'Konami'),
 (57, 'YuGiOh Traptrix Structure Deck', 'Otro', 'Lorem ipsum dolor', 57, 242.4, 'Camisetas GAMER'),
 (58, 'Funko Pop', 'Electronico', 'Lorem ipsum dolor sit amet', 58, 151.99, 'Microsoft'),
 (59, 'The Legend of Zelda: Breath of the Wild', 'Coleccionable', '', 59, 696.87, 'Konami'),
 (60, 'Xbox', 'Accesorio', 'Lorem ipsum dolor', 60, 273.42, 'Konami'),
 (61, 'Camiseta de GTA', 'Mercancia', '', 61, 15.22, 'Konami'),
 (62, 'Figurina', 'Coleccionable', 'Lorem ipsum dolor sit amet', 62, 598.04, 'Nintendo'),
 (63, 'Control XBOX', 'Electronico', '', 63, 391.46, 'Nintendo'),
 (64, 'Logitech G Pro X Gaming Headset', 'Coleccionable', 'Lorem ipsum dolor sit amet', 64, 388.23, 'Camisetas GAMER'),
 (65, 'Logitech G Pro X Gaming Headset', 'Mercancia', 'Lorem ipsum dolor sit amet', 65, 48.43, 'Camisetas GAMER'),
 (66, 'Switch', 'Mercancia', 'Lorem ipsum dolor sit amet', 66, 85.36, 'Sony'),
 (67, 'Control PS5', 'Accesorio', 'consectetur adipiscing', 67, 71.45, 'Nintendo'),
 (68, 'Playstation 5', 'Electronico', 'Lorem ipsum dolor sit amet', 68, 566.31, 'Camisetas GAMER'),
 (69, 'Joycon Switch', 'Videojuego', 'Lorem ipsum dolor sit amet', 69, 5.64, 'Camisetas GAMER'),
 (70, 'The Legend of Zelda: Breath of the Wild', 'Electronico', '', 70, 304.5, 'Camisetas GAMER'),
 (71, 'Figurina', 'Accesorio', 'Lorem ipsum dolor sit amet', 71, 282.31, 'Sony'),
 (72, 'The Legend of Zelda: Breath of the Wild', 'Electronico', 'Lorem ipsum dolor', 72, 591.75, 'Microsoft'),
 (73, 'Control XBOX', 'Coleccionable', '', 73, 549.32, 'Nintendo'),
 (74, 'Control PS5', 'Coleccionable', 'consectetur adipiscing', 74, 931.59, 'Konami'),
 (75, 'Funko Pop', 'Mercancia', 'consectetur adipiscing', 75, 578.04, 'Microsoft'),
 (76, 'Logitech G Pro X Gaming Headset', 'Electronico', 'consectetur adipiscing', 76, 587.99, 'Camisetas GAMER'),
 (77, 'Control XBOX', 'Coleccionable', 'Lorem ipsum dolor sit amet', 77, 213.57, 'Sony'),
 (78, 'YuGiOh Traptrix Structure Deck', 'Accesorio', 'Lorem ipsum dolor', 78, 180.52, 'Sony'),
 (79, 'Control PS5', 'Accesorio', 'Lorem ipsum dolor', 79, 181.19, 'Konami'),
 (80, 'Funko Pop', 'Electronico', 'Lorem ipsum dolor', 80, 606.76, 'Nintendo'),
 (81, 'The Legend of Zelda: Breath of the Wild', 'Electronico', 'consectetur adipiscing', 81, 922.65, 'Microsoft'),
 (82, 'Logitech G Pro X Gaming Headset', 'Mercancia', 'Lorem ipsum dolor', 82, 103.7, 'Nintendo'),
 (83, 'The Legend of Zelda: Breath of the Wild', 'Electronico', '', 83, 209.91, 'Nintendo'),
 (84, 'Playstation 5', 'Otro', 'Lorem ipsum dolor', 84, 821.45, 'Microsoft'),
 (85, 'The Legend of Zelda: Breath of the Wild', 'Accesorio', 'Lorem ipsum dolor sit amet', 85, 684.55, 'Nintendo'),
 (86, 'Control XBOX', 'Otro', 'Lorem ipsum dolor', 86, 164.59, 'Sony'),
 (87, 'Playstation 5', 'Mercancia', 'Lorem ipsum dolor sit amet', 87, 922.18, 'Sony'),
 (88, 'Joycon Switch', 'Mercancia', '', 88, 375.07, 'Sony'),
 (89, 'Figurina', 'Otro', 'Lorem ipsum dolor sit amet', 89, 140.12, 'Nintendo'),
 (90, 'Funko Pop', 'Coleccionable', '', 90, 477.15, 'Nintendo'),
 (91, 'YuGiOh Traptrix Structure Deck', 'Coleccionable', 'consectetur adipiscing', 91, 917.74, 'Konami'),
 (92, 'Xbox', 'Mercancia', 'Lorem ipsum dolor sit amet', 92, 416.61, 'Sony'),
 (93, 'Playstation 5', 'Mercancia', 'consectetur adipiscing', 93, 136.36, 'Sony'),
 (94, 'The Legend of Zelda: Breath of the Wild', 'Coleccionable', 'consectetur adipiscing', 94, 523.59, 'Microsoft'),
 (95, 'Logitech G Pro X Gaming Headset', 'Videojuego', 'consectetur adipiscing', 95, 723.3, 'Konami'),
 (96, 'Xbox', 'Accesorio', 'consectetur adipiscing', 96, 654.2, 'Konami'),
 (97, 'The Legend of Zelda: Breath of the Wild', 'Mercancia', 'Lorem ipsum dolor', 97, 438.7, 'Konami'),
 (98, 'Control XBOX', 'Mercancia', 'consectetur adipiscing', 98, 312.66, 'Microsoft'),
 (99, 'Logitech G Pro X Gaming Headset', 'Coleccionable', 'Lorem ipsum dolor', 99, 191.01, 'Sony'),
 (100, 'Control XBOX', 'Mercancia', '', 100, 81.46, 'Konami');
 
 -- Facturacion
 insert into Datos_Facturacion(id_direccion, metodo, id_cliente, envia_aid_direccion) values
 (1, 'Efectivo', 96, 59),
 (2, 'Efectivo', 46, 96),
 (3, 'Tarjeta_Regalo', 47, 17),
 (4, 'Tarjeta_Bancaria', 75, 16),
 (5, 'Tarjeta_Bancaria', 94, 4),
 (6, 'Pago_Electronico', 81, 17),
 (7, 'Tarjeta_Bancaria', 74, 31),
 (8, 'Efectivo', 80, 58),
 (9, 'Tarjeta_Bancaria', 40, 27),
 (10, 'Efectivo', 3, 29),
 (11, 'Pago_Electronico', 95, 4),
 (12, 'Tarjeta_Regalo', 87, 31),
 (13, 'Efectivo', 63, 2),
 (14, 'Tarjeta_Regalo', 22, 16),
 (15, 'Pago_Electronico', 46, 24),
 (16, 'Pago_Electronico', 89, 89),
 (17, 'Tarjeta_Bancaria', 81, 86),
 (18, 'Tarjeta_Regalo', 51, 10),
 (19, 'Pago_Electronico', 18, 94),
 (20, 'Tarjeta_Bancaria', 10, 19),
 (21, 'Tarjeta_Bancaria', 6, 31),
 (22, 'Pago_Electronico', 48, 33),
 (23, 'Pago_Electronico', 45, 24),
 (24, 'Tarjeta_Regalo', 4, 45),
 (25, 'Tarjeta_Bancaria', 81, 18),
 (26, 'Pago_Electronico', 82, 8),
 (27, 'Tarjeta_Regalo', 30, 13),
 (28, 'Efectivo', 73, 60),
 (29, 'Pago_Electronico', 86, 41),
 (30, 'Tarjeta_Regalo', 23, 21),
 (31, 'Tarjeta_Regalo', 38, 32),
 (32, 'Pago_Electronico', 34, 99),
 (33, 'Pago_Electronico', 88, 42),
 (34, 'Efectivo', 71, 62),
 (35, 'Tarjeta_Regalo', 17, 100),
 (36, 'Efectivo', 40, 70),
 (37, 'Tarjeta_Bancaria', 4, 77),
 (38, 'Tarjeta_Regalo', 38, 72),
 (39, 'Pago_Electronico', 17, 70),
 (40, 'Efectivo', 75, 85),
 (41, 'Efectivo', 7, 74),
 (42, 'Tarjeta_Bancaria', 63, 79),
 (43, 'Efectivo', 25, 23),
 (44, 'Efectivo', 63, 76),
 (45, 'Efectivo', 2, 20),
 (46, 'Tarjeta_Bancaria', 75, 41),
 (47, 'Efectivo', 14, 78),
 (48, 'Pago_Electronico', 72, 23),
 (49, 'Tarjeta_Bancaria', 60, 34),
 (50, 'Tarjeta_Bancaria', 11, 38),
 (51, 'Tarjeta_Bancaria', 26, 39),
 (52, 'Tarjeta_Bancaria', 60, 41),
 (53, 'Efectivo', 57, 15),
 (54, 'Tarjeta_Regalo', 87, 10),
 (55, 'Tarjeta_Regalo', 18, 2),
 (56, 'Tarjeta_Regalo', 48, 46),
 (57, 'Efectivo', 25, 43),
 (58, 'Tarjeta_Bancaria', 21, 19),
 (59, 'Efectivo', 11, 62),
 (60, 'Pago_Electronico', 2, 42),
 (61, 'Tarjeta_Bancaria', 55, 78),
 (62, 'Pago_Electronico', 45, 49),
 (63, 'Pago_Electronico', 60, 98),
 (64, 'Tarjeta_Regalo', 81, 43),
 (65, 'Pago_Electronico', 42, 37),
 (66, 'Tarjeta_Regalo', 12, 93),
 (67, 'Tarjeta_Regalo', 13, 44),
 (68, 'Pago_Electronico', 48, 81),
 (69, 'Efectivo', 36, 71),
 (70, 'Tarjeta_Regalo', 67, 64),
 (71, 'Tarjeta_Regalo', 49, 48),
 (72, 'Pago_Electronico', 70, 28),
 (73, 'Tarjeta_Regalo', 27, 80),
 (74, 'Tarjeta_Bancaria', 56, 86),
 (75, 'Pago_Electronico', 67, 55),
 (76, 'Tarjeta_Regalo', 73, 95),
 (77, 'Tarjeta_Bancaria', 93, 43),
 (78, 'Efectivo', 89, 21),
 (79, 'Efectivo', 70, 15),
 (80, 'Tarjeta_Regalo', 97, 72),
 (81, 'Pago_Electronico', 99, 35),
 (82, 'Pago_Electronico', 8, 53),
 (83, 'Efectivo', 68, 62),
 (84, 'Tarjeta_Regalo', 36, 36),
 (85, 'Efectivo', 49, 33),
 (86, 'Efectivo', 77, 66),
 (87, 'Tarjeta_Regalo', 19, 8),
 (88, 'Efectivo', 94, 74),
 (89, 'Efectivo', 35, 85),
 (90, 'Tarjeta_Bancaria', 99, 97),
 (91, 'Tarjeta_Bancaria', 96, 44),
 (92, 'Tarjeta_Bancaria', 62, 21),
 (93, 'Efectivo', 78, 93),
 (94, 'Tarjeta_Regalo', 7, 29),
 (95, 'Efectivo', 33, 9),
 (96, 'Tarjeta_Regalo', 30, 28),
 (97, 'Tarjeta_Bancaria', 5, 24),
 (98, 'Efectivo', 42, 95),
 (99, 'Tarjeta_Regalo', 79, 75),
 (100, 'Tarjeta_Regalo', 36, 79);
 
 -- compras
 insert into Compra(id_compra, monto, id_cliente, id_direccion, fecha) values
 (1, 0, 2, 68, '2023-10-01'),
 (2, 0, 8, 79, '2023-05-06'),
 (3, 0, 15, 59, '2023-11-27'),
 (4, 0, 56, 85, '2023-02-11'),
 (5, 0, 72, 80, '2023-08-30'),
 (6, 0, 77, 94, '2023-05-22'),
 (7, 0, 35, 72, '2023-04-07'),
 (8, 0, 17, 60, '2022-12-28'),
 (9, 0, 25, 4, '2023-10-04'),
 (10, 0, 41, 27, '2023-10-17'),
 (11, 0, 64, 46, '2023-01-23'),
 (12, 0, 78, 88, '2023-11-20'),
 (13, 0, 74, 10, '2023-07-14'),
 (14, 0, 21, 23, '2023-06-21'),
 (15, 0, 15, 6, '2023-02-16'),
 (16, 0, 94, 6, '2023-01-21'),
 (17, 0, 26, 5, '2022-12-11'),
 (18, 0, 43, 36, '2023-08-26'),
 (19, 0, 23, 29, '2023-03-29'),
 (20, 0, 43, 63, '2023-06-06'),
 (21, 0, 27, 38, '2023-04-06'),
 (22, 0, 63, 42, '2023-09-20'),
 (23, 0, 94, 97, '2023-09-09'),
 (24, 0, 33, 6, '2023-03-29'),
 (25, 0, 24, 2, '2023-02-26'),
 (26, 0, 48, 83, '2022-12-12'),
 (27, 0, 2, 20, '2023-11-12'),
 (28, 0, 76, 9, '2023-06-11'),
 (29, 0, 3, 18, '2023-10-08'),
 (30, 0, 44, 55, '2023-09-28'),
 (31, 0, 92, 3, '2022-12-24'),
 (32, 0, 71, 62, '2023-11-07'),
 (33, 0, 98, 37, '2023-02-07'),
 (34, 0, 43, 91, '2023-01-09'),
 (35, 0, 6, 94, '2023-03-16'),
 (36, 0, 22, 6, '2023-03-06'),
 (37, 0, 30, 43, '2023-06-28'),
 (38, 0, 4, 34, '2023-01-03'),
 (39, 0, 48, 30, '2023-11-18'),
 (40, 0, 89, 15, '2023-04-19'),
 (41, 0, 68, 85, '2023-05-03'),
 (42, 0, 67, 81, '2023-10-27'),
 (43, 0, 88, 97, '2023-10-23'),
 (44, 0, 82, 37, '2023-11-15'),
 (45, 0, 11, 15, '2023-11-08'),
 (46, 0, 45, 75, '2023-04-02'),
 (47, 0, 43, 86, '2023-07-31'),
 (48, 0, 93, 23, '2023-03-12'),
 (49, 0, 96, 46, '2023-10-02'),
 (50, 0, 93, 81, '2023-01-11'),
 (51, 0, 84, 83, '2023-03-14'),
 (52, 0, 89, 83, '2023-07-18'),
 (53, 0, 88, 11, '2023-09-22'),
 (54, 0, 85, 20, '2023-07-09'),
 (55, 0, 55, 29, '2023-08-13'),
 (56, 0, 18, 78, '2023-02-24'),
 (57, 0, 27, 98, '2023-02-18'),
 (58, 0, 100, 63,'2023-04-12'),
 (59, 0, 76, 45, '2023-11-18'),
 (60, 0, 10, 56, '2023-08-30'),
 (61, 0, 50, 85, '2023-07-26'),
 (62, 0, 65, 93, '2023-03-17'),
 (63, 0, 98, 4, '2023-03-29'),
 (64, 0, 59, 91, '2023-08-02'),
 (65, 0, 86, 96, '2023-02-03'),
 (66, 0, 24, 4, '2023-08-10'),
 (67, 0, 14, 89, '2023-08-26'),
 (68, 0, 46, 80, '2023-09-07'),
 (69, 0, 60, 35, '2023-07-20'),
 (70, 0, 46, 97, '2023-06-10'),
 (71, 0, 2, 27, '2023-07-23'),
 (72, 0, 45, 82, '2023-04-26'),
 (73, 0, 64, 31, '2023-11-09'),
 (74, 0, 39, 51, '2023-04-19'),
 (75, 0, 25, 23, '2023-08-04'),
 (76, 0, 29, 47, '2023-08-25'),
 (77, 0, 36, 69, '2023-05-25'),
 (78, 0, 20, 47, '2023-04-27'),
 (79, 0, 74, 6, '2023-08-18'),
 (80, 0, 100, 41, '2023-06-15'),
 (81, 0, 99, 76, '2023-01-08'),
 (82, 0, 12, 73, '2023-11-24'),
 (83, 0, 4, 48, '2023-03-18'),
 (84, 0, 1, 87, '2023-10-31'),
 (85, 0, 47, 8, '2023-01-14'),
 (86, 0, 29, 2, '2023-10-18'),
 (87, 0, 91, 33, '2023-10-11'),
 (88, 0, 80, 2, '2023-03-07'),
 (89, 0, 55, 59, '2023-07-24'),
 (90, 0, 50, 17, '2023-01-22'),
 (91, 0, 56, 51, '2023-06-29'),
 (92, 0, 86, 32, '2023-08-11'),
 (93, 0, 81, 43, '2023-08-16'),
 (94, 0, 32, 83, '2023-08-01'),
 (95, 0, 55, 64, '2023-04-07'),
 (96, 0, 47, 89, '2023-04-28'),
 (97, 0, 79, 6, '2023-06-28'),
 (98, 0, 84, 2, '2023-06-07'),
 (99, 0, 82, 48, '2022-12-10'),
 (100, 0, 89, 41, '2023-03-20');
 
 -- cuentas
 insert into Cuenta (nombre_cuenta, correo, id_cliente) values 
('cwoodhouse0', 'adawbyo0@xinhuanet.com', 76),
('jbeards1', 'pwyett1@fc2.com', 36),
('betienne2', 'ajossel2@sourceforge.net', 77),
('chulkes3', 'kbatchelder3@telegraph.co.uk', 63),
('awendover4', 'bfrodsham4@buzzfeed.com', 79),
('ssidary5', 'myakubovich5@kickstarter.com', 81),
('pwalters6', 'wfennelow6@sciencedirect.com', 9),
('npaolinelli7', 'gshmyr7@ifeng.com', 40),
('bhains8', 'tgibbens8@bravesites.com', 34),
('emcglade9', 'irutledge9@slashdot.org', 86),
('otriggela', 'ldudbridgea@t.co', 61),
('mjesticob', 'warbuckelb@rakuten.co.jp', 41),
('kpermainc', 'uheinritzc@toplist.cz', 71),
('vlewknord', 'cwogdond@bigcartel.com', 4),
('tprozilloe', 'hantracke@youku.com', 13),
('mlegrysf', 'gtrenchardf@paginegialle.it', 67),
('sdormang', 'apiccopg@devhub.com', 32),
('kbandh', 'gecclestonh@delicious.com', 22),
('ralimani', 'fpoxoni@china.com.cn', 76),
('stotaroj', 'mparkesonj@globo.com', 36),
('jschoroderk', 'amouncek@smugmug.com', 44),
('spearcel', 'wgewerl@businessinsider.com', 61),
('jdallenderm', 'cdavenportm@patch.com', 3),
('cbullmann', 'mvasilen@yellowbook.com', 23),
('rjanikowskio', 'clambeo@toplist.cz', 18),
('nfaersp', 'mhannap@theguardian.com', 50),
('vplluq', 'zcarpmileq@trellian.com', 73),
('tenglefieldr', 'ywardr@cnet.com', 58),
('chourstans', 'omcqueens@php.net', 72),
('llindent', 'klernert@flavors.me', 52),
('acordaroyu', 'ssurpliceu@columbia.edu', 22),
('ggudev', 'ekanterv@guardian.co.uk', 57),
('ryarringtonw', 'rhillw@mayoclinic.com', 59),
('cbrunigesx', 'bmivalx@va.gov', 19),
('ascroytony', 'fcozinsy@seesaa.net', 63),
('mhenzerz', 'tseacroftz@hibu.com', 97),
('lswiffin10', 'areinger10@yahoo.com', 2),
('wsanbrook11', 'asutliff11@baidu.com', 29),
('gdegregorio12', 'cbertholin12@timesonline.co.uk', 46),
('wchimenti13', 'gchesterman13@cdc.gov', 95),
('ncowper14', 'gfarnall14@vimeo.com', 99),
('lmanilove15', 'kdron15@xrea.com', 86),
('dbarttrum16', 'twarfield16@exblog.jp', 9),
('bgrelik17', 'rwhenman17@eventbrite.com', 70),
('swoolfoot18', 'chukins18@icq.com', 5),
('hsedgebeer19', 'bkummerlowe19@quantcast.com', 25),
('rbirchenhead1a', 'dmarke1a@vkontakte.ru', 90),
('hnares1b', 'nshowalter1b@so-net.ne.jp', 33),
('cgulliford1c', 'cbargh1c@flavors.me', 91),
('drelf1d', 'ketchell1d@ted.com', 98),
('gwestwick1e', 'gbarge1e@pinterest.com', 94),
('fwillder1f', 'tfranke1f@kickstarter.com', 22),
('hmccromley1g', 'ddamp1g@irs.gov', 89),
('rbirney1h', 'ahyatt1h@tmall.com', 16),
('kdumbleton1i', 'sponcet1i@t-online.de', 37),
('rstanbury1j', 'cucchino1j@yolasite.com', 66),
('cajean1k', 'jlanchberry1k@netscape.com', 5),
('jfey1l', 'hhellings1l@baidu.com', 66),
('jdederich1m', 'sreap1m@cbc.ca', 73),
('esilvers1n', 'dfreund1n@admin.ch', 71),
('kkinchin1o', 'dtutchings1o@cdbaby.com', 32),
('tcomins1p', 'gbruckent1p@fema.gov', 84),
('rrake1q', 'vphizakarley1q@trellian.com', 73),
('lrivallant1r', 'fdykes1r@state.tx.us', 52),
('tkinnin1s', 'mgayther1s@time.com', 42),
('sgoter1t', 'mphant1t@parallels.com', 44),
('steasell1u', 'khorsey1u@tumblr.com', 57),
('ahughesdon1v', 'mmithon1v@shinystat.com', 84),
('dthurber1w', 'tnormand1w@google.co.jp', 26),
('rmaestrini1x', 'jyewdale1x@ucla.edu', 73),
('isomerset1y', 'agoodin1y@yahoo.com', 57),
('kcaselli1z', 'rdaggett1z@dell.com', 45),
('swalework20', 'kbarti20@marketwatch.com', 85),
('ksent21', 'htoynbee21@networkadvertising.org', 95),
('druoff22', 'hblackburn22@tinypic.com', 57),
('kjay23', 'ndemogeot23@dot.gov', 21),
('mbaglin24', 'mjobbings24@last.fm', 72),
('ghaacker25', 'mgoldster25@msn.com', 88),
('mrigardeau26', 'bwellen26@macromedia.com', 12),
('cgermain27', 'ctenaunt27@va.gov', 82),
('cguerrero28', 'ydurward28@posterous.com', 44),
('fcholmondeley29', 'oireson29@skype.com', 10),
('jsimonin2a', 'mmilella2a@mozilla.com', 60),
('iastlett2b', 'arattenbury2b@delicious.com', 86),
('nyurov2c', 'cthomasset2c@tripod.com', 11),
('dpessel2d', 'bhammant2d@netlog.com', 69),
('wvasyukov2e', 'evigours2e@miibeian.gov.cn', 11),
('raldham2f', 'ctune2f@msu.edu', 5),
('hspatari2g', 'phurdman2g@upenn.edu', 70),
('ahanner2h', 'kshambrooke2h@tamu.edu', 95),
('calu2i', 'rjedrzejewski2i@moonfruit.com', 9),
('hdovidaitis2j', 'mpelman2j@example.com', 1),
('lgladden2k', 'tbattersby2k@seesaa.net', 19),
('dkemmey2l', 'cclawson2l@yahoo.com', 32),
('dclapham2m', 'shawler2m@histats.com', 38),
('jmartinez2n', 'weringey2n@fda.gov', 86),
('malfuso2o', 'cbiglin2o@photobucket.com', 79),
('acarillo2p', 'rsimenel2p@acquirethisname.com', 99),
('tarmfield2q', 'dliley2q@delicious.com', 48),
('gguarin2r', 'florriman2r@godaddy.com', 49);

-- incluye
insert into Incluye (id_compra, id_producto, cantidad) values
(92, 92, 5),
(61, 55, 4),
(17, 55, 2),
(100, 94, 6),
(85, 86, 2),
(7, 96, 10),
(72, 23, 4),
(3, 10, 6),
(48, 39, 1),
(96, 62, 6),
(46, 45, 9),
(18, 19, 5),
(88, 5, 2),
(12, 84, 6),
(62, 39, 7),
(58, 12, 9),
(65, 18, 5),
(50, 32, 7),
(33, 58, 5),
(37, 25, 2),
(89, 47, 8),
(37, 94, 6),
(48, 61, 6),
(69, 46, 9),
(72, 42, 5),
(16, 71, 8),
(59, 15, 5),
(80, 18, 3),
(43, 50, 5),
(49, 39, 6),
(4, 26, 5),
(98, 15, 1),
(100, 73, 3),
(84, 9, 5),
(33, 76, 9),
(60, 27, 7),
(44, 92, 3),
(19, 94, 9),
(5, 8, 7),
(23, 28, 7),
(14, 74, 2),
(48, 86, 9),
(67, 43, 4),
(84, 55, 4),
(35, 26, 1),
(33, 23, 2),
(30, 79, 2),
(76, 88, 9),
(2, 33, 7),
(76, 57, 1),
(62, 92, 8),
(41, 96, 3),
(9, 63, 5),
(35, 37, 6),
(39, 72, 5),
(98, 54, 6),
(88, 29, 9),
(54, 55, 5),
(7, 24, 9),
(34, 30, 5),
(3, 86, 9),
(33, 60, 4),
(56, 97, 8),
(66, 10, 3),
(61, 95, 4),
(43, 74, 10),
(30, 22, 7),
(4, 90, 5),
(61, 94, 1),
(46, 100, 4),
(62, 41, 2),
(44, 13, 10),
(3, 27, 10),
(27, 13, 9),
(12, 75, 9),
(63, 78, 8),
(65, 97, 1),
(30, 60, 2),
(50, 79, 10),
(5, 84, 5),
(58, 50, 4),
(88, 19, 4),
(21, 70, 1),
(82, 34, 9),
(46, 32, 1),
(14, 12, 3),
(55, 25, 4),
(64, 16, 8),
(35, 58, 8),
(41, 50, 1),
(44, 36, 7),
(81, 77, 5),
(31, 30, 4),
(73, 31, 9),
(4, 42, 3),
(64, 82, 9),
(22, 98, 2),
(4, 89, 1),
(40, 21, 6),
(77, 52, 7);

-- Cupones
insert into Cupon (numero_cupon, descuento) values 
('6323494278', 22),
('6161686770', 3),
('9859019847', 12),
('5972180757', 10),
('5518806442', 49),
('7862161727', 42),
('3819891782', 8),
('1004858379', 29),
('6302203413', 37),
('8607000730', 42),
('2209104753', 27),
('6352584388', 40),
('2822451309', 50),
('6943386028', 43),
('1283467702', 11),
('1567849813', 15),
('7231215727', 37),
('3763435884', 48),
('5036765400', 41),
('3136111554', 38),
('1328076032', 46),
('9374308732', 41),
('6184090851', 32),
('4743663150', 34),
('6582316486', 14),
('6342324282', 25),
('6034111634', 49),
('5908748244', 22),
('3562560881', 38),
('3885806162', 2),
('4391284151', 43),
('2741259595', 2),
('9141436225', 32),
('8453798873', 26),
('7109902726', 8),
('8378708210', 24),
('8798910720', 7),
('8186351357', 40),
('3632317591', 45),
('4551898975', 4),
('3443054117', 50),
('5265392128', 38),
('7741719487', 40),
('4242935783', 1),
('1732828699', 22),
('7581758254', 2),
('4876495386', 20),
('3148836762', 39),
('6462762725', 7),
('7159902293', 35),
('6637640442', 42),
('9252294105', 14),
('6321779752', 46),
('5412491359', 49),
('2539516734', 38),
('6009502002', 16),
('3959467059', 27),
('3378252003', 1),
('4794471711', 5),
('6976505781', 13),
('2775917596', 34),
('4834051987', 23),
('7985461915', 10),
('7391629714', 50),
('6259268252', 3),
('9547515194', 26),
('5399433142', 34),
('8636930147', 22),
('8622730799', 22),
('3054104317', 41),
('8241357252', 50),
('1858489021', 2),
('6252433922', 11),
('9265970094', 13),
('5375674005', 42),
('8034511069', 31),
('5766501435', 5),
('3737158983', 28),
('3534647409', 49),
('3437264326', 2),
('2877376637', 41),
('3033334784', 47),
('1387019076', 28),
('4729113528', 40),
('4098651496', 38),
('8045604973', 3),
('1511370988', 19),
('2011782211', 31),
('7758481107', 23),
('3704341440', 9),
('7746539744', 43),
('1363993692', 41),
('2595727175', 34),
('1484200660', 21),
('2457140458', 32),
('8056422547', 5),
('6276385473', 1),
('7841205186', 12),
('1038379052', 29),
('7115776184', 40);

-- Aplica
insert into Aplica(id_compra, numero_cupon) values 
(1, 9374308732),
(2, 7862161727),
(3, 6184090851),
(4, 6161686770),
(5, 4743663150),
(6, 5908748244),
(7, 1283467702),
(8, 6352584388),
(9, 5908748244),
(10, 5908748244),
(11, 5518806442),
(12, 3136111554),
(13, 3562560881),
(14, 2822451309),
(15, 6161686770),
(16, 6323494278),
(17, 3763435884),
(18, 9374308732),
(19, 1328076032),
(20, 6943386028),
(21, 6323494278),
(22, 6342324282),
(23, 5518806442),
(24, 6342324282),
(25, 3819891782),
(26, 3136111554),
(27, 9374308732),
(28, 5036765400),
(29, 3819891782),
(30, 1283467702),
(31, 3885806162),
(32, 6034111634),
(33, 3819891782),
(34, 6302203413),
(35, 1283467702),
(36, 6943386028),
(37, 1567849813),
(38, 2822451309),
(39, 3562560881),
(40, 3885806162),
(41, 3136111554),
(42, 3136111554),
(43, 4743663150),
(44, 2209104753),
(45, 1567849813),
(46, 1328076032),
(47, 5036765400),
(48, 6943386028),
(49, 6034111634),
(50, 1567849813),
(51, 3562560881),
(52, 9374308732),
(53, 7231215727),
(54, 2822451309),
(55, 6161686770),
(56, 6342324282),
(57, 3819891782),
(58, 1004858379),
(59, 6582316486),
(60, 5972180757),
(61, 5972180757),
(62, 6352584388),
(63, 4743663150),
(64, 9859019847),
(65, 1004858379),
(66, 3819891782),
(67, 1283467702),
(68, 3562560881),
(69, 3763435884),
(70, 3885806162),
(71, 4743663150),
(72, 5518806442),
(73, 5518806442),
(74, 6342324282),
(75, 4743663150),
(76, 8607000730),
(77, 1004858379),
(78, 3763435884),
(79, 3136111554),
(80, 1283467702),
(81, 6582316486),
(82, 3819891782),
(83, 3819891782),
(84, 3819891782),
(85, 3763435884),
(86, 6582316486),
(87, 9859019847),
(88, 6302203413),
(89, 9374308732),
(90, 6302203413),
(91, 6184090851),
(92, 2209104753),
(93, 6943386028),
(94, 4743663150),
(95, 6034111634),
(96, 5036765400),
(97, 6582316486),
(98, 3819891782),
(99, 1567849813),
(100, 6943386028);

-- Reseñas
insert into Resena(calificacion, contenido, id_producto, nombre_cuenta) values 
(3, 'Pellentesque at consectetur nisl', 23, 'tarmfield2q'),
(1, 'id tincidunt lacus tincidunt in', 22, 'gguarin2r'),
(4, 'Lorem ipsum dolor sit amet', 100, 'drelf1d'),
(2, 'Pellentesque at consectetur nisl', 18, 'cajean1k'),
(5, 'Pellentesque at consectetur nisl', 82, 'dbarttrum16'),
(5, 'Etiam lobortis fringilla nunc', 75, 'hmccromley1g'),
(5, 'Nulla quis hendrerit tortor', 68, 'cgulliford1c'),
(4, 'consectetur adipiscing elit', 24, 'iastlett2b'),
(4, 'Lorem ipsum dolor sit amet', 17, 'calu2i'),
(3, 'Fusce vestibulum placerat diam', 14, 'ncowper14'),
(1, 'Nulla aliquam nisi vel finibus convallis', 49, 'sgoter1t'),
(4, 'consectetur adipiscing elit', 45, 'cajean1k'),
(4, 'Pellentesque at consectetur nisl', 83, 'jmartinez2n'),
(2, 'Fusce et arcu mi', 44, 'rmaestrini1x'),
(1, 'Nulla quis hendrerit tortor', 53, 'lrivallant1r'),
(5, 'Nulla aliquam nisi vel finibus convallis', 79, 'esilvers1n'),
(5, 'id tincidunt lacus tincidunt in', 66, 'cgulliford1c'),
(3, 'consectetur adipiscing elit', 19, 'cguerrero28'),
(1, 'Pellentesque at consectetur nisl', 83, 'jsimonin2a'),
(5, 'Donec volutpat bibendum leo', 63, 'druoff22'),
(3, 'Donec volutpat bibendum leo', 41, 'rstanbury1j'),
(2, 'Fusce vestibulum placerat diam', 30, 'drelf1d'),
(5, 'Donec volutpat bibendum leo', 62, 'steasell1u'),
(3, 'Fusce vestibulum placerat diam', 94, 'dkemmey2l'),
(1, 'Pellentesque at consectetur nisl', 1, 'nyurov2c'),
(3, 'Fusce et arcu mi', 10, 'acarillo2p'),
(5, 'Nullam viverra mi eu sodales posuere', 25, 'jfey1l'),
(3, 'Fusce et arcu mi', 96, 'malfuso2o'),
(3, 'Fusce et arcu mi', 27, 'tkinnin1s'),
(4, 'consectetur adipiscing elit', 32, 'tkinnin1s'),
(2, 'Nulla aliquam nisi vel finibus convallis', 93, 'dbarttrum16'),
(2, 'consectetur adipiscing elit', 40, 'sgoter1t'),
(2, 'Nulla quis hendrerit tortor', 44, 'hnares1b'),
(4, 'Pellentesque at consectetur nisl', 8, 'swalework20'),
(3, 'Nulla aliquam nisi vel finibus convallis', 59, 'hnares1b'),
(1, 'Fusce et arcu mi', 19, 'cgermain27'),
(2, 'consectetur adipiscing elit', 41, 'cgermain27'),
(1, 'Nullam viverra mi eu sodales posuere', 39, 'iastlett2b'),
(1, 'Donec volutpat bibendum leo', 65, 'lrivallant1r'),
(3, 'Nullam viverra mi eu sodales posuere', 74, 'kkinchin1o'),
(5, 'Donec volutpat bibendum leo', 73, 'isomerset1y'),
(4, 'Lorem ipsum dolor sit amet', 49, 'rstanbury1j'),
(5, 'Lorem ipsum dolor sit amet', 32, 'wchimenti13'),
(4, 'Pellentesque at consectetur nisl', 64, 'cguerrero28'),
(2, 'Nulla quis hendrerit tortor', 15, 'fwillder1f'),
(5, 'Fusce et arcu mi', 37, 'cgermain27'),
(2, 'Fusce et arcu mi', 42, 'sgoter1t'),
(5, 'Nullam viverra mi eu sodales posuere', 33, 'kcaselli1z'),
(2, 'Etiam lobortis fringilla nunc', 95, 'wvasyukov2e'),
(2, 'Nullam viverra mi eu sodales posuere', 32, 'hspatari2g'),
(1, 'Etiam lobortis fringilla nunc', 27, 'ghaacker25'),
(5, 'Pellentesque at consectetur nisl', 25, 'hdovidaitis2j'),
(2, 'Fusce et arcu mi', 86, 'dpessel2d'),
(3, 'Pellentesque at consectetur nisl', 83, 'bgrelik17'),
(1, 'Nullam viverra mi eu sodales posuere', 41, 'jdederich1m'),
(1, 'Etiam lobortis fringilla nunc', 77, 'cajean1k'),
(5, 'Etiam lobortis fringilla nunc', 23, 'cgermain27'),
(1, 'Etiam lobortis fringilla nunc', 94, 'ahanner2h'),
(4, 'Donec volutpat bibendum leo', 58, 'jmartinez2n'),
(5, 'Pellentesque at consectetur nisl', 98, 'isomerset1y'),
(5, 'id tincidunt lacus tincidunt in', 97, 'ahanner2h'),
(5, 'Lorem ipsum dolor sit amet', 59, 'mbaglin24'),
(5, 'Fusce vestibulum placerat diam', 88, 'jdederich1m'),
(4, 'Fusce vestibulum placerat diam', 29, 'swalework20'),
(5, 'Nulla aliquam nisi vel finibus convallis', 2, 'jdederich1m'),
(4, 'Pellentesque at consectetur nisl', 5, 'ncowper14'),
(2, 'Fusce et arcu mi', 63, 'ahughesdon1v'),
(3, 'Lorem ipsum dolor sit amet', 68, 'dthurber1w'),
(2, 'Donec volutpat bibendum leo', 55, 'drelf1d'),
(5, 'id tincidunt lacus tincidunt in', 33, 'cgulliford1c'),
(3, 'consectetur adipiscing elit', 50, 'hnares1b'),
(5, 'Lorem ipsum dolor sit amet', 11, 'acarillo2p'),
(5, 'id tincidunt lacus tincidunt in', 85, 'lmanilove15'),
(2, 'Fusce vestibulum placerat diam', 100, 'rstanbury1j'),
(4, 'Nullam viverra mi eu sodales posuere', 10, 'dkemmey2l'),
(1, 'Nulla aliquam nisi vel finibus convallis', 1, 'lmanilove15'),
(1, 'Nullam viverra mi eu sodales posuere', 22, 'fwillder1f'),
(4, 'consectetur adipiscing elit', 59, 'ncowper14'),
(1, 'Nulla aliquam nisi vel finibus convallis', 90, 'rbirchenhead1a'),
(4, 'Nulla quis hendrerit tortor', 35, 'dkemmey2l'),
(1, 'Nulla quis hendrerit tortor', 28, 'cguerrero28'),
(3, 'Nulla aliquam nisi vel finibus convallis', 96, 'swalework20'),
(2, 'Pellentesque at consectetur nisl', 13, 'rmaestrini1x'),
(2, 'Nullam viverra mi eu sodales posuere', 98, 'lrivallant1r'),
(3, 'Nulla aliquam nisi vel finibus convallis', 74, 'jmartinez2n'),
(1, 'consectetur adipiscing elit', 57, 'wvasyukov2e'),
(5, 'Nullam viverra mi eu sodales posuere', 1, 'drelf1d'),
(3, 'Donec volutpat bibendum leo', 39, 'gwestwick1e'),
(2, 'Donec volutpat bibendum leo', 45, 'druoff22'),
(2, 'Lorem ipsum dolor sit amet', 48, 'ksent21'),
(4, 'Nullam viverra mi eu sodales posuere', 53, 'jmartinez2n'),
(2, 'consectetur adipiscing elit', 73, 'kkinchin1o'),
(4, 'Fusce vestibulum placerat diam', 16, 'ksent21'),
(4, 'Lorem ipsum dolor sit amet', 99, 'isomerset1y'),
(4, 'Nulla quis hendrerit tortor', 77, 'dclapham2m'),
(1, 'Nullam viverra mi eu sodales posuere', 61, 'lrivallant1r'),
(3, 'Fusce et arcu mi', 26, 'lrivallant1r'),
(1, 'Lorem ipsum dolor sit amet', 28, 'cgulliford1c'),
(3, 'Etiam lobortis fringilla nunc', 39, 'tcomins1p'),
(4, 'Nullam viverra mi eu sodales posuere', 58, 'cgulliford1c');